"Account Name","Parent Account","Account Number","Parent Account Number","Is Group","Account Type","Root Type","Account Currency"
"Application Of Funds(Assets)","","1000","","1","","Asset","ETB"
"Sources Of Funds(Liabilities)","","2000","","1","","Liability","ETB"
"Equity","","3000","","1","","Equity","ETB"
"Income","","4000","","1","Income Account","Income","ETB"
"Expenses","","5000","","1","Expense Account","Expense","ETB"
"Cash & Bank","Application Of Funds(Assets)","1100","1000","1","","Asset","ETB"
"Petty Cash","Cash & Bank","1101","1100","1","Cash","Asset","ETB"
"Petty Cash - Birhanu Teshome (Custodian)","Petty Cash","1101.01","1101","0","Cash","Asset","ETB"
"Petty Cash - Asefa Hailiu (Custodian)","Petty Cash","1101.02","1101","0","Cash","Asset","ETB"
"Petty Cash - Takele Bogale (Custodian)","Petty Cash","1101.03","1101","0","Cash","Asset","ETB"
"Bank Accounts","Cash & Bank","1110","1100","1","Bank","Asset","ETB"
"Sinke Current Account 1067812971216","Bank Accounts","1110.01","1110","0","Bank","Asset","ETB"
"Sinke Agro Account 1074240361212","Bank Accounts","1110.02","1110","0","Bank","Asset","ETB"
"Sinke POS Account 1070813361210","Bank Accounts","1110.03","1110","0","Bank","Asset","ETB"
"Sinke Construction Account 1074074321211","Bank Accounts","1110.04","1110","0","Bank","Asset","ETB"
"Integrated Service Account","Bank Accounts","1110.05","1110","0","Bank","Asset","ETB"
"Integrated Service - Guaraj & Transport Account","Bank Accounts","1110.06","1110","0","Bank","Asset","ETB"
"Agro Enterprise - Abattoir Service Account","Bank Accounts","1110.07","1110","0","Bank","Asset","ETB"
"Construction - Andode Development Account 1084099931217","Bank Accounts","1110.08","1110","0","Bank","Asset","ETB"
"Construction - Corridor Development Account 1084099641217","Bank Accounts","1110.09","1110","0","Bank","Asset","ETB"
"Agro Enterprise - Animal Feed Account 1090363221210","Bank Accounts","1110.10","1110","0","Bank","Asset","ETB"
"Agro Enterprise - Poultry Farm Account 1090362951218","Bank Accounts","1110.11","1110","0","Bank","Asset","ETB"
"AIG CBE Account 1000691900367","Bank Accounts","1110.12","1110","0","Bank","Asset","ETB"
"Adama Pros Party Account 1095177661229","Bank Accounts","1110.13","1110","0","Bank","Asset","ETB"
"Accounts Receivable","Application Of Funds(Assets)","1200","1000","1","Receivable","Asset","ETB"
"Trade Debtors - Control Account","Accounts Receivable","1201","1200","0","Receivable","Asset","ETB"
"Staff Receivables - Control Account","Accounts Receivable","1202","1200","0","Receivable","Asset","ETB"
"Prepayments & Deposits","Accounts Receivable","1210","1200","1","","Asset","ETB"
"Prepaid Rent","Prepayments & Deposits","1211","1210","0","Receivable","Asset","ETB"
"Prepaid Insurance","Prepayments & Deposits","1212","1210","0","Receivable","Asset","ETB"
"Fuel Coupon","Prepayments & Deposits","1213","1210","0","Receivable","Asset","ETB"
"Advance to Contractors","Prepayments & Deposits","1214","1210","0","Receivable","Asset","ETB"
"Advance to Suppliers","Prepayments & Deposits","1215","1210","0","Receivable","Asset","ETB"
"Utility Deposit","Prepayments & Deposits","1216","1210","0","Receivable","Asset","ETB"
"Bid Bond Deposit","Prepayments & Deposits","1217","1210","0","Receivable","Asset","ETB"
"Retention Receivable","Prepayments & Deposits","1218","1210","0","Receivable","Asset","ETB"
"Tax Receivables","Accounts Receivable","1220","1200","1","","Asset","ETB"
"VAT Receivable","Tax Receivables","1221","1220","0","Receivable","Asset","ETB"
"Withholding Tax Receivable","Tax Receivables","1222","1220","0","Receivable","Asset","ETB"
"Sundry Debtors","Accounts Receivable","1230","1200","0","Receivable","Asset","ETB"
"Inventory","Application Of Funds(Assets)","1300","1000","1","Stock","Asset","ETB"
"Raw Materials","Inventory","1301","1300","0","Stock","Asset","ETB"
"Work In Progress","Inventory","1302","1300","0","Stock","Asset","ETB"
"Finished Goods","Inventory","1303","1300","0","Stock","Asset","ETB"
"Spare Parts & Consumables","Inventory","1304","1300","0","Stock","Asset","ETB"
"Fuel & Lubricants - Stock","Inventory","1305","1300","0","Stock","Asset","ETB"
"Biological Assets - Livestock","Inventory","1306","1300","0","Stock","Asset","ETB"
"Fixed Assets","Application Of Funds(Assets)","1400","1000","1","Fixed Asset","Asset","ETB"
"Land","Fixed Assets","1401","1400","0","Fixed Asset","Asset","ETB"
"Buildings","Fixed Assets","1402","1400","0","Fixed Asset","Asset","ETB"
"Motor Vehicles","Fixed Assets","1403","1400","0","Fixed Asset","Asset","ETB"
"Plant & Machinery","Fixed Assets","1404","1400","0","Fixed Asset","Asset","ETB"
"Office Equipment","Fixed Assets","1405","1400","0","Fixed Asset","Asset","ETB"
"Furniture & Fixtures","Fixed Assets","1406","1400","0","Fixed Asset","Asset","ETB"
"Computers & IT Equipment","Fixed Assets","1407","1400","0","Fixed Asset","Asset","ETB"
"Capital Work in Progress","Fixed Assets","1408","1400","0","Capital Work in Progress","Asset","ETB"
"Intangible Assets","Fixed Assets","1409","1400","0","Fixed Asset","Asset","ETB"
"Accumulated Depreciation","Application Of Funds(Assets)","1500","1000","1","Accumulated Depreciation","Asset","ETB"
"Accumulated Depreciation - Buildings","Accumulated Depreciation","1501","1500","0","Accumulated Depreciation","Asset","ETB"
"Accumulated Depreciation - Motor Vehicles","Accumulated Depreciation","1502","1500","0","Accumulated Depreciation","Asset","ETB"
"Accumulated Depreciation - Plant & Machinery","Accumulated Depreciation","1503","1500","0","Accumulated Depreciation","Asset","ETB"
"Accumulated Depreciation - Office Equipment","Accumulated Depreciation","1504","1500","0","Accumulated Depreciation","Asset","ETB"
"Accumulated Depreciation - Furniture & Fixtures","Accumulated Depreciation","1505","1500","0","Accumulated Depreciation","Asset","ETB"
"Accumulated Depreciation - Computers & IT Equipment","Accumulated Depreciation","1506","1500","0","Accumulated Depreciation","Asset","ETB"
"Other Assets","Application Of Funds(Assets)","1600","1000","1","","Asset","ETB"
"Approved Capital Receivable","Other Assets","1601","1600","0","","Asset","ETB"
"Accounts Payable","Sources Of Funds(Liabilities)","2100","2000","1","Payable","Liability","ETB"
"Trade Creditors - Control Account","Accounts Payable","2101","2100","0","Payable","Liability","ETB"
"Staff Payable - Control Account","Accounts Payable","2102","2100","0","Payable","Liability","ETB"
"Retention Payable","Accounts Payable","2103","2100","0","Payable","Liability","ETB"
"Accrued Liabilities","Accounts Payable","2110","2100","1","","Liability","ETB"
"Salary Accrued","Accrued Liabilities","2111","2110","0","Payable","Liability","ETB"
"Rent Accrued","Accrued Liabilities","2112","2110","0","Payable","Liability","ETB"
"Commission Accrued","Accrued Liabilities","2113","2110","0","Payable","Liability","ETB"
"Purchase Accrued","Accrued Liabilities","2114","2110","0","Payable","Liability","ETB"
"Sub-contract Cost Accrued","Accrued Liabilities","2115","2110","0","Payable","Liability","ETB"
"Audit Fee Accrued","Accrued Liabilities","2116","2110","0","Payable","Liability","ETB"
"Payroll Deductions Payable","Accounts Payable","2120","2100","1","","Liability","ETB"
"Pension Payable - Employee 7%","Payroll Deductions Payable","2121","2120","0","Payable","Liability","ETB"
"Pension Payable - Employer 11%","Payroll Deductions Payable","2122","2120","0","Payable","Liability","ETB"
"Credit & Saving Association Payable","Payroll Deductions Payable","2123","2120","0","Payable","Liability","ETB"
"Cost Sharing Payable","Payroll Deductions Payable","2124","2120","0","Payable","Liability","ETB"
"Other Payroll Deductions Payable","Payroll Deductions Payable","2125","2120","0","Payable","Liability","ETB"
"Tax Payable","Accounts Payable","2130","2100","1","","Liability","ETB"
"VAT Payable 15%","Tax Payable","2131","2130","0","Tax","Liability","ETB"
"VAT Withholding Payable 7.5%","Tax Payable","2132","2130","0","Tax","Liability","ETB"
"Withholding Tax Payable 3%","Tax Payable","2133","2130","0","Tax","Liability","ETB"
"Income Tax Payable","Tax Payable","2134","2130","0","Tax","Liability","ETB"
"Profit Tax Payable","Tax Payable","2135","2130","0","Tax","Liability","ETB"
"Excise Tax Payable","Tax Payable","2136","2130","0","Tax","Liability","ETB"
"Unearned Revenue","Accounts Payable","2140","2100","0","Payable","Liability","ETB"
"Dividend Payable","Accounts Payable","2150","2100","0","Payable","Liability","ETB"
"Short-Term Borrowings","Sources Of Funds(Liabilities)","2200","2000","1","","Liability","ETB"
"Bank Overdraft","Short-Term Borrowings","2201","2200","0","Payable","Liability","ETB"
"Short-Term Bank Loans","Short-Term Borrowings","2202","2200","0","Payable","Liability","ETB"
"Provisions","Short-Term Borrowings","2203","2200","0","Payable","Liability","ETB"
"Long-Term Borrowings","Sources Of Funds(Liabilities)","2300","2000","1","","Liability","ETB"
"Long-Term Bank Loans","Long-Term Borrowings","2301","2300","0","Payable","Liability","ETB"
"Foreign Loans","Long-Term Borrowings","2302","2300","0","Payable","Liability","ETB"
"Government Grant Repayable","Long-Term Borrowings","2303","2300","0","Payable","Liability","ETB"
"Lease Liabilities","Long-Term Borrowings","2304","2300","0","Payable","Liability","ETB"
"Paid-up Capital","Equity","3001","3000","0","Equity","Equity","ETB"
"Retained Earnings","Equity","3002","3000","0","Equity","Equity","ETB"
"State Dividend Reserve","Equity","3003","3000","0","Equity","Equity","ETB"
"Sales Revenue","Income","4100","4000","1","Income Account","Income","ETB"
"Sales - Dairy Products","Sales Revenue","4101","4100","0","Income Account","Income","ETB"
"Sales - Poultry Products","Sales Revenue","4102","4100","0","Income Account","Income","ETB"
"Sales - Abattoir Services","Sales Revenue","4103","4100","0","Income Account","Income","ETB"
"Sales - Animal Feed","Sales Revenue","4104","4100","0","Income Account","Income","ETB"
"Sales - Construction Contracts","Sales Revenue","4105","4100","0","Income Account","Income","ETB"
"Sales - Fuel","Sales Revenue","4106","4100","0","Income Account","Income","ETB"
"Rental Income - City Mall","Sales Revenue","4107","4100","0","Income Account","Income","ETB"
"Sales - Garage Services","Sales Revenue","4108","4100","0","Income Account","Income","ETB"
"Sales - Parking Services","Sales Revenue","4109","4100","0","Income Account","Income","ETB"
"Sales - Cafeteria & Resort Services","Sales Revenue","4110","4100","0","Income Account","Income","ETB"
"Other Income","Income","4200","4000","1","Income Account","Income","ETB"
"Bank Interest Income","Other Income","4201","4200","0","Income Account","Income","ETB"
"Foreign Exchange Gain","Other Income","4202","4200","0","Income Account","Income","ETB"
"Miscellaneous Income","Other Income","4203","4200","0","Income Account","Income","ETB"
"Cost of Sales","Expenses","5100","5000","1","Cost of Goods Sold","Expense","ETB"
"Raw Materials Consumed","Cost of Sales","5101","5100","0","Cost of Goods Sold","Expense","ETB"
"Direct Labor","Cost of Sales","5102","5100","0","Cost of Goods Sold","Expense","ETB"
"Feed & Veterinary Costs","Cost of Sales","5103","5100","0","Cost of Goods Sold","Expense","ETB"
"Fuel & Lubricants - COGS","Cost of Sales","5104","5100","0","Cost of Goods Sold","Expense","ETB"
"Sub-contract Costs","Cost of Sales","5105","5100","0","Cost of Goods Sold","Expense","ETB"
"Depreciation - Production Assets","Cost of Sales","5106","5100","0","Cost of Goods Sold","Expense","ETB"
"Other Direct Costs","Cost of Sales","5107","5100","0","Cost of Goods Sold","Expense","ETB"
"Personnel Expenses","Expenses","5200","5000","1","Expense Account","Expense","ETB"
"Salaries & Wages","Personnel Expenses","5201","5200","0","Expense Account","Expense","ETB"
"Overtime","Personnel Expenses","5202","5200","0","Expense Account","Expense","ETB"
"Allowances","Personnel Expenses","5203","5200","0","Expense Account","Expense","ETB"
"Pension Contribution - Employer","Personnel Expenses","5204","5200","0","Expense Account","Expense","ETB"
"Severance Pay","Personnel Expenses","5205","5200","0","Expense Account","Expense","ETB"
"Staff Training","Personnel Expenses","5206","5200","0","Expense Account","Expense","ETB"
"Uniform","Personnel Expenses","5207","5200","0","Expense Account","Expense","ETB"
"Occupancy Expenses","Expenses","5300","5000","1","Expense Account","Expense","ETB"
"Rent Expense","Occupancy Expenses","5301","5300","0","Expense Account","Expense","ETB"
"Utilities - Electricity","Occupancy Expenses","5302","5300","0","Expense Account","Expense","ETB"
"Utilities - Water","Occupancy Expenses","5303","5300","0","Expense Account","Expense","ETB"
"Cleaning & Sanitation","Occupancy Expenses","5304","5300","0","Expense Account","Expense","ETB"
"Repairs & Maintenance","Expenses","5400","5000","1","Expense Account","Expense","ETB"
"Repairs & Maintenance - Building","Repairs & Maintenance","5401","5400","0","Expense Account","Expense","ETB"
"Repairs & Maintenance - Vehicle","Repairs & Maintenance","5402","5400","0","Expense Account","Expense","ETB"
"Repairs & Maintenance - Machinery","Repairs & Maintenance","5403","5400","0","Expense Account","Expense","ETB"
"Repairs & Maintenance - Office Equipment","Repairs & Maintenance","5404","5400","0","Expense Account","Expense","ETB"
"Administrative Expenses","Expenses","5500","5000","1","Expense Account","Expense","ETB"
"Office Supplies","Administrative Expenses","5501","5500","0","Expense Account","Expense","ETB"
"Postage & Courier","Administrative Expenses","5502","5500","0","Expense Account","Expense","ETB"
"Telephone & Internet","Administrative Expenses","5503","5500","0","Expense Account","Expense","ETB"
"Printing & Stationery","Administrative Expenses","5504","5500","0","Expense Account","Expense","ETB"
"Bank Service Charges","Administrative Expenses","5505","5500","0","Expense Account","Expense","ETB"
"Legal & Court Fees","Administrative Expenses","5506","5500","0","Expense Account","Expense","ETB"
"Audit Fees","Administrative Expenses","5507","5500","0","Expense Account","Expense","ETB"
"Consultancy Fees","Administrative Expenses","5508","5500","0","Expense Account","Expense","ETB"
"Insurance Expense","Administrative Expenses","5509","5500","0","Expense Account","Expense","ETB"
"Tender Documents","Administrative Expenses","5510","5500","0","Expense Account","Expense","ETB"
"Advertising & Promotion","Administrative Expenses","5511","5500","0","Expense Account","Expense","ETB"
"Entertainment","Administrative Expenses","5512","5500","0","Expense Account","Expense","ETB"
"Donation","Administrative Expenses","5513","5500","0","Expense Account","Expense","ETB"
"Travel & Transport","Expenses","5600","5000","1","Expense Account","Expense","ETB"
"Per Diem","Travel & Transport","5601","5600","0","Expense Account","Expense","ETB"
"Fuel - Admin Vehicles","Travel & Transport","5602","5600","0","Expense Account","Expense","ETB"
"Vehicle Insurance","Travel & Transport","5603","5600","0","Expense Account","Expense","ETB"
"Transport Service","Travel & Transport","5604","5600","0","Expense Account","Expense","ETB"
"Depreciation Expense","Expenses","5700","5000","1","Depreciation","Expense","ETB"
"Depreciation - Buildings","Depreciation Expense","5701","5700","0","Depreciation","Expense","ETB"
"Depreciation - Motor Vehicles","Depreciation Expense","5702","5700","0","Depreciation","Expense","ETB"
"Depreciation - Machinery","Depreciation Expense","5703","5700","0","Depreciation","Expense","ETB"
"Depreciation - Office Equipment","Depreciation Expense","5704","5700","0","Depreciation","Expense","ETB"
"Depreciation - Furniture","Depreciation Expense","5705","5700","0","Depreciation","Expense","ETB"
"Tax & License Expenses","Expenses","5800","5000","1","Expense Account","Expense","ETB"
"Withholding Tax Expense (Non-recoverable)","Tax & License Expenses","5801","5800","0","Tax","Expense","ETB"
"Business License Fee","Tax & License Expenses","5802","5800","0","Tax","Expense","ETB"
"Stamp Duty","Tax & License Expenses","5803","5800","0","Tax","Expense","ETB"
